Review,Sentiment
I love this product! It's amazing.,Positive
"Worst experience ever, never buying again.",Negative
"The quality is okay, but could be better.",Neutral
Excellent service and fast delivery!,Positive
"Terrible quality, completely disappointed.",Negative
"Good value for money, satisfied with the purchase.",Positive
"Very bad customer support, not recommended.",Negative
The product arrived on time and works great.,Positive
"Not worth the price, expected better quality.",Negative
Amazing packaging and top-notch quality.,Positive
Disappointed with the performance of this item.,Negative
Highly recommended! Will buy again.,Positive
"It does the job, nothing extraordinary.",Neutral
Horrible! Do not waste your money.,Negative
Superb build quality and performance.,Positive
Product stopped working after a week.,Negative
Absolutely fantastic experience.,Positive
"Would not buy this again, waste of money.",Negative
"Perfect for my needs, very happy with it.",Positive
"Broke after two uses, very poor quality.",Negative
